{"error": false, "size": [1920, 1080], "name": "Moiri Yunnan", "version": "1.0", "location": {"label": {"battle": ["game/battle.rpy", 1], "class_sample": ["game/battle.rpy", 16], "sample": ["game/battle.rpy", 22], "sample2": ["game/battle.rpy", 41], "camera_playerattack": ["game/battle.rpy", 46], "cameraplayer1_attack": ["game/battle.rpy", 54], "camera_player1_win": ["game/battle.rpy", 69], "camera_sherpa_attack": ["game/battle.rpy", 77], "cameraplayer1_died": ["game/battle.rpy", 92], "dice_roll": ["game/battle.rpy", 141], "start_battle": ["game/battle.rpy", 153], "camera_action": ["game/battle.rpy", 158], "battlle": ["game/battle.rpy", 205], "combat": ["game/battle.rpy", 271], "start": ["game/script.rpy", 81], "scene_2": ["game/script.rpy", 174], "scene_3": ["game/script.rpy", 336], "scene_4": ["game/script.rpy", 373], "scene_5": ["game/script.rpy", 472], "scene_6": ["game/script.rpy", 588]}, "define": {"config.check_conflicting_properties": ["game/gui.rpy", 15], "black": ["game/gui.rpy", 18], "white": ["game/gui.rpy", 19], "red": ["game/gui.rpy", 20], "crimson": ["game/gui.rpy", 21], "gui.accent_color": ["game/gui.rpy", 39], "gui.idle_color": ["game/gui.rpy", 42], "gui.idle_small_color": ["game/gui.rpy", 46], "gui.hover_color": ["game/gui.rpy", 49], "gui.selected_color": ["game/gui.rpy", 53], "gui.insensitive_color": ["game/gui.rpy", 56], "gui.muted_color": ["game/gui.rpy", 60], "gui.hover_muted_color": ["game/gui.rpy", 61], "gui.text_color": ["game/gui.rpy", 64], "gui.interface_text_color": ["game/gui.rpy", 65], "gui.text_font": ["game/gui.rpy", 71], "gui.name_text_font": ["game/gui.rpy", 74], "gui.interface_text_font": ["game/gui.rpy", 77], "gui.label_text_font": ["game/gui.rpy", 80], "gui.text_size": ["game/gui.rpy", 83], "gui.name_text_size": ["game/gui.rpy", 86], "gui.interface_text_size": ["game/gui.rpy", 89], "gui.label_text_size": ["game/gui.rpy", 92], "gui.notify_text_size": ["game/gui.rpy", 95], "gui.title_text_size": ["game/gui.rpy", 98], "gui.main_menu_background": ["game/gui.rpy", 104], "gui.game_menu_background": ["game/gui.rpy", 105], "gui.textbox_height": ["game/gui.rpy", 114], "gui.textbox_yalign": ["game/gui.rpy", 118], "gui.textbox_xalign": ["game/gui.rpy", 119], "gui.name_xpos": ["game/gui.rpy", 124], "gui.name_ypos": ["game/gui.rpy", 125], "gui.name_xalign": ["game/gui.rpy", 129], "gui.namebox_width": ["game/gui.rpy", 133], "gui.namebox_height": ["game/gui.rpy", 134], "gui.namebox_borders": ["game/gui.rpy", 138], "gui.namebox_tile": ["game/gui.rpy", 142], "gui.dialogue_xalign": ["game/gui.rpy", 148], "gui.dialogue_yalign": ["game/gui.rpy", 149], "gui.dialogue_width": ["game/gui.rpy", 152], "gui.dialogue_text_xalign": ["game/gui.rpy", 156], "gui.button_width": ["game/gui.rpy", 165], "gui.button_height": ["game/gui.rpy", 166], "gui.button_borders": ["game/gui.rpy", 169], "gui.button_tile": ["game/gui.rpy", 173], "gui.button_text_font": ["game/gui.rpy", 176], "gui.button_text_size": ["game/gui.rpy", 179], "gui.button_text_idle_color": ["game/gui.rpy", 182], "gui.button_text_hover_color": ["game/gui.rpy", 183], "gui.button_text_selected_color": ["game/gui.rpy", 184], "gui.button_text_insensitive_color": ["game/gui.rpy", 185], "gui.button_text_xalign": ["game/gui.rpy", 189], "gui.radio_button_borders": ["game/gui.rpy", 198], "gui.check_button_borders": ["game/gui.rpy", 200], "gui.confirm_button_text_xalign": ["game/gui.rpy", 202], "gui.page_button_borders": ["game/gui.rpy", 204], "gui.quick_button_borders": ["game/gui.rpy", 206], "gui.quick_button_text_size": ["game/gui.rpy", 207], "gui.quick_button_text_idle_color": ["game/gui.rpy", 208], "gui.quick_button_text_selected_color": ["game/gui.rpy", 209], "gui.navigation_button_width": ["game/gui.rpy", 215], "gui.navigation_button_borders": ["game/gui.rpy", 216], "gui.navigation_button_text_xalign": ["game/gui.rpy", 217], "gui.choice_button_width": ["game/gui.rpy", 223], "gui.choice_button_height": ["game/gui.rpy", 224], "gui.choice_button_tile": ["game/gui.rpy", 225], "gui.choice_button_borders": ["game/gui.rpy", 226], "gui.choice_button_text_font": ["game/gui.rpy", 227], "gui.choice_button_text_size": ["game/gui.rpy", 228], "gui.choice_button_text_xalign": ["game/gui.rpy", 229], "gui.choice_button_text_idle_color": ["game/gui.rpy", 230], "gui.choice_button_text_hover_color": ["game/gui.rpy", 231], "gui.choice_button_text_insensitive_color": ["game/gui.rpy", 232], "gui.slot_button_width": ["game/gui.rpy", 242], "gui.slot_button_height": ["game/gui.rpy", 243], "gui.slot_button_borders": ["game/gui.rpy", 244], "gui.slot_button_text_size": ["game/gui.rpy", 245], "gui.slot_button_text_xalign": ["game/gui.rpy", 246], "gui.slot_button_text_idle_color": ["game/gui.rpy", 247], "gui.slot_button_text_selected_idle_color": ["game/gui.rpy", 248], "gui.slot_button_text_selected_hover_color": ["game/gui.rpy", 249], "config.thumbnail_width": ["game/gui.rpy", 252], "config.thumbnail_height": ["game/gui.rpy", 253], "gui.file_slot_cols": ["game/gui.rpy", 256], "gui.file_slot_rows": ["game/gui.rpy", 257], "gui.navigation_xpos": ["game/gui.rpy", 267], "gui.skip_ypos": ["game/gui.rpy", 270], "gui.notify_ypos": ["game/gui.rpy", 273], "gui.choice_spacing": ["game/gui.rpy", 276], "gui.navigation_spacing": ["game/gui.rpy", 279], "gui.pref_spacing": ["game/gui.rpy", 282], "gui.pref_button_spacing": ["game/gui.rpy", 285], "gui.page_spacing": ["game/gui.rpy", 288], "gui.slot_spacing": ["game/gui.rpy", 291], "gui.main_menu_text_xalign": ["game/gui.rpy", 294], "gui.frame_borders": ["game/gui.rpy", 303], "gui.confirm_frame_borders": ["game/gui.rpy", 306], "gui.skip_frame_borders": ["game/gui.rpy", 309], "gui.notify_frame_borders": ["game/gui.rpy", 312], "gui.frame_tile": ["game/gui.rpy", 315], "gui.bar_size": ["game/gui.rpy", 327], "gui.scrollbar_size": ["game/gui.rpy", 328], "gui.slider_size": ["game/gui.rpy", 329], "gui.bar_tile": ["game/gui.rpy", 332], "gui.scrollbar_tile": ["game/gui.rpy", 333], "gui.slider_tile": ["game/gui.rpy", 334], "gui.bar_borders": ["game/gui.rpy", 337], "gui.scrollbar_borders": ["game/gui.rpy", 338], "gui.slider_borders": ["game/gui.rpy", 339], "gui.vbar_borders": ["game/gui.rpy", 342], "gui.vscrollbar_borders": ["game/gui.rpy", 343], "gui.vslider_borders": ["game/gui.rpy", 344], "gui.unscrollable": ["game/gui.rpy", 348], "config.history_length": ["game/gui.rpy", 356], "gui.history_height": ["game/gui.rpy", 360], "gui.history_name_xpos": ["game/gui.rpy", 364], "gui.history_name_ypos": ["game/gui.rpy", 365], "gui.history_name_width": ["game/gui.rpy", 366], "gui.history_name_xalign": ["game/gui.rpy", 367], "gui.history_text_xpos": ["game/gui.rpy", 370], "gui.history_text_ypos": ["game/gui.rpy", 371], "gui.history_text_width": ["game/gui.rpy", 372], "gui.history_text_xalign": ["game/gui.rpy", 373], "gui.nvl_borders": ["game/gui.rpy", 381], "gui.nvl_list_length": ["game/gui.rpy", 385], "gui.nvl_height": ["game/gui.rpy", 389], "gui.nvl_spacing": ["game/gui.rpy", 393], "gui.nvl_name_xpos": ["game/gui.rpy", 397], "gui.nvl_name_ypos": ["game/gui.rpy", 398], "gui.nvl_name_width": ["game/gui.rpy", 399], "gui.nvl_name_xalign": ["game/gui.rpy", 400], "gui.nvl_text_xpos": ["game/gui.rpy", 403], "gui.nvl_text_ypos": ["game/gui.rpy", 404], "gui.nvl_text_width": ["game/gui.rpy", 405], "gui.nvl_text_xalign": ["game/gui.rpy", 406], "gui.nvl_thought_xpos": ["game/gui.rpy", 410], "gui.nvl_thought_ypos": ["game/gui.rpy", 411], "gui.nvl_thought_width": ["game/gui.rpy", 412], "gui.nvl_thought_xalign": ["game/gui.rpy", 413], "gui.nvl_button_xpos": ["game/gui.rpy", 416], "gui.nvl_button_xalign": ["game/gui.rpy", 417], "gui.language": ["game/gui.rpy", 426], "cinematic": ["game/screens.rpy", 83], "quick_menu": ["game/screens.rpy", 361], "gui.history_allow_tags": ["game/screens.rpy", 1131], "config.nvl_list_length": ["game/screens.rpy", 1564], "bubble.frame": ["game/screens.rpy", 1673], "bubble.thoughtframe": ["game/screens.rpy", 1674], "bubble.properties": ["game/screens.rpy", 1676], "bubble.expand_area": ["game/screens.rpy", 1702], "config.name": ["game/options.rpy", 15], "gui.show_name": ["game/options.rpy", 21], "config.version": ["game/options.rpy", 26], "gui.about": ["game/options.rpy", 32], "build.name": ["game/options.rpy", 40], "config.has_sound": ["game/options.rpy", 49], "config.has_music": ["game/options.rpy", 50], "config.has_voice": ["game/options.rpy", 51], "config.layer_clipping": ["game/options.rpy", 68], "config.layers": ["game/options.rpy", 69], "config.enter_transition": ["game/options.rpy", 79], "config.exit_transition": ["game/options.rpy", 80], "config.intra_transition": ["game/options.rpy", 85], "config.after_load_transition": ["game/options.rpy", 90], "config.end_game_transition": ["game/options.rpy", 95], "config.window": ["game/options.rpy", 112], "config.window_show_transition": ["game/options.rpy", 117], "config.window_hide_transition": ["game/options.rpy", 118], "config.save_directory": ["game/options.rpy", 149], "config.window_icon": ["game/options.rpy", 156], "p": ["game/script.rpy", 1], "j": ["game/script.rpy", 2], "t": ["game/script.rpy", 3], "k": ["game/script.rpy", 4], "s": ["game/script.rpy", 5], "d": ["game/script.rpy", 6], "item_descriptions": ["game/script.rpy", 21], "inventory_items": ["game/script.rpy", 22], "item_description": ["game/script.rpy", 23]}, "screen": {"say": ["game/screens.rpy", 85], "input": ["game/screens.rpy", 221], "choice": ["game/screens.rpy", 254], "quick_menu": ["game/screens.rpy", 1722], "navigation": ["game/screens.rpy", 382], "main_menu": ["game/screens.rpy", 485], "game_menu": ["game/screens.rpy", 577], "about": ["game/screens.rpy", 761], "save": ["game/screens.rpy", 785], "load": ["game/screens.rpy", 792], "file_slots": ["game/screens.rpy", 799], "preferences": ["game/screens.rpy", 931], "history": ["game/screens.rpy", 1091], "help": ["game/screens.rpy", 1179], "keyboard_help": ["game/screens.rpy", 1208], "mouse_help": ["game/screens.rpy", 1259], "gamepad_help": ["game/screens.rpy", 1282], "confirm": ["game/screens.rpy", 1348], "skip_indicator": ["game/screens.rpy", 1415], "notify": ["game/screens.rpy", 1471], "nvl": ["game/screens.rpy", 1511], "nvl_dialogue": ["game/screens.rpy", 1543], "bubble": ["game/screens.rpy", 1631], "hp_bars_1v1": ["game/battle.rpy", 148], "inventory_display_toggle": ["game/script.rpy", 8], "inventory_item_description": ["game/script.rpy", 33]}, "transform": {"delayed_blink": ["game/screens.rpy", 1433], "notify_appear": ["game/screens.rpy", 1482], "quickMenu_hover": ["game/gui transforms.rpy", 3], "choice_enter": ["game/gui transforms.rpy", 10], "choice_hover": ["game/gui transforms.rpy", 19], "menu_enter": ["game/gui transforms.rpy", 27], "return_hover": ["game/gui transforms.rpy", 37], "clockwise": ["game/gui transforms.rpy", 45], "counterClockwise": ["game/gui transforms.rpy", 51], "comet1": ["game/gui transforms.rpy", 57], "comet2": ["game/gui transforms.rpy", 61], "starlight1": ["game/gui transforms.rpy", 66], "starlight2": ["game/gui transforms.rpy", 71], "starlight3": ["game/gui transforms.rpy", 76], "rayTurn": ["game/gui transforms.rpy", 82], "confirmRight": ["game/gui transforms.rpy", 93], "confirmLeft": ["game/gui transforms.rpy", 101], "confirmDissolve": ["game/gui transforms.rpy", 109]}, "callable": {"touch": ["game/gui.rpy", 438], "small": ["game/gui.rpy", 445], "Fighter.__init__": ["game/script.rpy", 69], "Snow": ["game/snowblossom.rpy", 16], "SnowFactory.__init__": ["game/snowblossom.rpy", 50], "SnowFactory.create": ["game/snowblossom.rpy", 68], "SnowFactory.image_init": ["game/snowblossom.rpy", 88], "SnowFactory.predict": ["game/snowblossom.rpy", 106], "SnowParticle.__init__": ["game/snowblossom.rpy", 118], "SnowParticle.update": ["game/snowblossom.rpy", 138]}}, "build": {"directory_name": "MoiriYunnan-1.0", "executable_name": "MoiriYunnan", "include_update": false, "packages": [{"name": "gameonly", "formats": ["null"], "file_lists": ["all"], "description": "Game-Only Update for Mobile", "update": true, "dlc": false, "hidden": true}, {"name": "pc", "formats": ["zip"], "file_lists": ["windows", "linux", "renpy", "all"], "description": "PC: Windows and Linux", "update": true, "dlc": false, "hidden": false}, {"name": "linux", "formats": ["tar.bz2"], "file_lists": ["linux", "linux_arm", "renpy", "all"], "description": "Linux", "update": true, "dlc": false, "hidden": false}, {"name": "mac", "formats": ["app-zip", "app-dmg"], "file_lists": ["mac", "renpy", "all"], "description": "Macintosh", "update": true, "dlc": false, "hidden": false}, {"name": "win", "formats": ["zip"], "file_lists": ["windows", "renpy", "all"], "description": "Windows", "update": true, "dlc": false, "hidden": false}, {"name": "market", "formats": ["bare-zip"], "file_lists": ["windows", "linux", "mac", "renpy", "all"], "description": "Windows, Mac, Linux for Markets", "update": true, "dlc": false, "hidden": false}, {"name": "steam", "formats": ["zip"], "file_lists": ["windows", "linux", "mac", "renpy", "all"], "description": "steam", "update": true, "dlc": false, "hidden": true}, {"name": "android", "formats": ["directory"], "file_lists": ["android", "all"], "description": "android", "update": false, "dlc": true, "hidden": true}, {"name": "ios", "formats": ["directory"], "file_lists": ["ios", "all"], "description": "ios", "update": false, "dlc": true, "hidden": true}, {"name": "web", "formats": ["zip"], "file_lists": ["web", "renpy", "all"], "description": "web", "update": false, "dlc": true, "hidden": true}], "archives": [["archive", ["all"]]], "documentation_patterns": ["*.html", "*.txt"], "base_patterns": [["*.py", null], ["*.sh", null], ["*.app/", null], ["*.dll", null], ["*.manifest", null], ["*.keystore", null], ["update.pem", null], ["lib/", null], ["renpy/", null], ["update/", null], ["common/", null], ["update/", null], ["old-game/", null], ["base/", null], ["icon.ico", null], ["icon.icns", null], ["project.json", null], ["log.txt", null], ["errors.txt", null], ["traceback.txt", null], ["image_cache.txt", null], ["text_overflow.txt", null], ["dialogue.txt", null], ["dialogue.tab", null], ["profile_screen.txt", null], ["files.txt", null], ["memory.txt", null], ["tmp/", null], ["game/saves/", null], ["game/bytecode.rpyb", null], ["archived/", null], ["launcherinfo.py", null], ["android.txt", null], ["game/presplash*.*", ["all"]], ["android.json", ["android"]], [".android.json", ["android"]], ["android-*.png", ["android"]], ["android-*.jpg", ["android"]], ["ouya_icon.png", null], ["ios-presplash.*", ["ios"]], ["ios-launchimage.png", null], ["ios-icon.png", null], ["web-presplash.png", ["web"]], ["web-presplash.jpg", ["web"]], ["web-presplash.webp", ["web"]], ["web-icon.png", ["web"]], ["progressive_download.txt", ["web"]], ["steam_appid.txt", null], ["game/cache/bytecode-39.rpyb", ["all"]], ["game/cache/bytecode-311.rpyb", ["web"]], ["game/cache/bytecode-*.rpyb", null], ["game/cache/build_info.json", null], ["game/cache/build_time.txt", null], ["**~", null], ["**.bak", null], ["**/.**", null], ["**/#**", null], ["**/thumbs.db", null], [".*", null], ["**", ["all"]]], "renpy_patterns": [["renpy/common/_compat/**", null], ["renpy/common/_roundrect/**", null], ["renpy/common/_outline/**", null], ["renpy/common/_theme**", null], ["lib/**/_ssl.*", null], ["renpy/**__pycache__/**.cpython-39.pyc", ["all"]], ["renpy/**__pycache__", ["all"]], ["**~", null], ["**/#*", null], ["**/.*", null], ["**.old", null], ["**.new", null], ["**.rpa", null], ["**/steam_appid.txt", null], ["renpy.py", ["all"]], ["renpy/", ["all"]], ["renpy/**.py", ["renpy"]], ["renpy/**.pxd", null], ["renpy/**.pxi", null], ["renpy/**.pyx", null], ["renpy/**.pyc", null], ["renpy/**.pyo", null], ["renpy/common/", ["all"]], ["renpy/common/_compat/**", ["renpy"]], ["renpy/common/**.rpy", ["renpy"]], ["renpy/common/**.rpym", ["renpy"]], ["renpy/common/_compat/**", ["renpy"]], ["renpy/common/**", ["all"]], ["renpy/**", ["all"]], ["lib/*/renpy", null], ["lib/*/renpy.exe", null], ["lib/*/pythonw.exe", null], ["lib/py2-*/", null], ["lib/py*-windows-i686/**", ["windows_i686"]], ["lib/py*-windows-x86_64/**", ["windows"]], ["lib/py*-linux-i686/**", ["linux_i686"]], ["lib/py*-linux-aarch64/**", ["linux_arm"]], ["lib/py*-linux-armv7l/**", ["linux_arm"]], ["lib/py*-linux-*/**", ["linux"]], ["lib/py*-mac-*/**", ["mac"]], ["lib/python2.*/**", null], ["lib/**", ["windows", "linux", "mac", "android", "ios"]], ["renpy.sh", ["linux", "mac"]]], "xbit_patterns": ["**.sh", "lib/py*-linux-*/*", "lib/py*-mac-*/*", "**.app/Contents/MacOS/*"], "version": "1.0", "display_name": "Moiri Yunnan", "exclude_empty_directories": true, "allow_integrated_gpu": true, "renpy": false, "script_version": true, "destination": "MoiriYunnan-1.0-dists", "itch_channels": {"*-all.zip": "win-osx-linux", "*-market.zip": "win-osx-linux", "*-pc.zip": "win-linux", "*-win.zip": "win", "*-mac.zip": "osx", "*-linux.tar.bz2": "linux", "*-release.apk": "android"}, "mac_info_plist": {}, "merge": [["linux_i686", "linux"], ["windows_i686", "windows"]], "include_i686": true, "change_icon_i686": true, "android_permissions": [], "_sdk_fonts": false, "update_formats": ["rpu"], "info": {"info": {}, "time": 1716907589.3635037, "name": "Moiri Yunnan", "version": "1.0"}}}